{
  "0": [35.257289, 128.607142],
  "1": [35.262177, 128.618327],
  "2": [35.261336, 128.62076],
  "3": [35.266365, 128.623815],
  "4": [35.261509, 128.626095],
  "5": [35.260548, 128.613864],
  "6": [35.255484, 128.613456],
  "7": [35.251896, 128.618769],
  "8": [35.246966, 128.615293],
  "9": [35.247625, 128.623235],
  "10": [35.243292, 128.622924],
  "11": [35.235743, 128.639844],
  "12": [35.234696, 128.64392],
  "13": [35.235007, 128.651187],
  "14": [35.239485, 128.656479],
  "15": [35.230187, 128.653933],
  "16": [35.237154, 128.661575],
  "17": [35.227689, 128.657793],
  "18": [35.232956, 128.668141],
  "19": [35.258647, 128.633379],
  "20": [35.259698, 128.638594],
  "21": [35.253822, 128.639956],
  "22": [35.252882, 128.637517],
  "23": [35.250613, 128.639538],
  "24": [35.250914, 128.645395],
  "25": [35.246094, 128.644197],
  "26": [35.243222, 128.641807],
  "27": [35.245855, 128.649368],
  "28": [35.243914, 128.648081],
  "29": [35.236924, 128.646723],
  "30": [35.242996, 128.65308],
  "31": [35.247183, 128.655497],
  "32": [35.244701, 128.658871],
  "33": [35.247485, 128.665555],
  "34": [35.245886, 128.671051],
  "35": [35.242703, 128.681801],
  "36": [35.243054, 128.691527],
  "37": [35.237548, 128.691208],
  "38": [35.240648, 128.662854],
  "39": [35.244212, 128.665899],
  "40": [35.239304, 128.666435],
  "41": [35.235695, 128.665673],
  "42": [35.235066, 128.670217],
  "43": [35.236045, 128.67269],
  "44": [35.222759, 128.661148],
  "45": [35.227352, 128.674838],
  "46": [35.223921, 128.677491],
  "47": [35.220517, 128.674132],
  "48": [35.217527, 128.671209],
  "49": [35.224271, 128.680973],
  "50": [35.21328, 128.677657],
  "51": [35.235813, 128.67678],
  "52": [35.239384, 128.683663],
  "53": [35.23378, 128.678478],
  "54": [35.230465, 128.675517],
  "55": [35.235997, 128.684639],
  "56": [35.231791, 128.679996],
  "57": [35.227582, 128.679629],
  "58": [35.227733, 128.682196],
  "59": [35.234271, 128.689459],
  "60": [35.230858, 128.688789],
  "61": [35.226964, 128.686793],
  "62": [35.22451, 128.685851],
  "63": [35.230711, 128.692815],
  "64": [35.223899, 128.69212],
  "65": [35.227477, 128.694335],
  "66": [35.220196, 128.681437],
  "67": [35.221, 128.683301],
  "68": [35.222711, 128.688118],
  "69": [35.216212, 128.68752],
  "70": [35.219942, 128.691814],
  "71": [35.216639, 128.694241],
  "72": [35.214183, 128.69521],
  "73": [35.226208, 128.700545],
  "74": [35.22332, 128.699925],
  "75": [35.22215, 128.698329],
  "76": [35.219354, 128.702012],
  "77": [35.215101, 128.704745],
  "78": [35.215506, 128.709146],
  "79": [35.211989, 128.705758],
  "80": [35.208073, 128.706695],
  "81": [35.208117, 128.68667],
  "82": [35.213486, 128.696757],
  "83": [35.210387, 128.695864],
  "84": [35.212772, 128.700743],
  "85": [35.209718, 128.699401],
  "86": [35.206977, 128.70022],
  "87": [35.205553, 128.70305],
  "88": [35.198272, 128.686037],
  "89": [35.20227, 128.696594],
  "90": [35.198868, 128.702269],
  "91": [35.188969, 128.694351],
  "92": [35.203572, 128.709098],
  "93": [35.205559, 128.627275],
  "94": [35.201389, 128.628192],
  "95": [35.211203, 128.659461],
  "96": [35.209329, 128.664933],
  "97": [35.284487, 128.682027],
  "98": [35.279617, 128.688719],
  "99": [35.277152, 128.700566],
  "100": [35.255845, 128.600337],
  "101": [35.226252, 128.654901],
  "102": [35.255725, 128.633202],
  "103": [35.255331, 128.636223],
  "104": [35.249176, 128.641383],
  "105": [35.238799, 128.648242],
  "106": [35.244217, 128.675994],
  "107": [35.236492, 128.693568],
  "108": [35.220961, 128.677228],
  "109": [35.218986, 128.678795],
  "110": [35.227873, 128.692533],
  "111": [35.219985, 128.685629],
  "112": [35.217619, 128.694105],
  "113": [35.203488, 128.706078],
  "114": [35.224578, 128.663499],
  "115": [35.225426, 128.668497],
  "116": [35.348096, 128.607609],
  "117": [35.262101, 128.614765],
  "118": [35.265265, 128.620803],
  "119": [35.258473, 128.613364],
  "120": [35.250731, 128.613064],
  "121": [35.232457, 128.650701],
  "122": [35.252137, 128.641772],
  "123": [35.245487, 128.644484],
  "124": [35.246302, 128.665502],
  "125": [35.237653, 128.688408],
  "126": [35.241386, 128.653163],
  "127": [35.237566, 128.662036],
  "128": [35.23203, 128.672907],
  "129": [35.229692, 128.676169],
  "130": [35.21129, 128.681192],
  "131": [35.232904, 128.687399],
  "132": [35.229153, 128.684154],
  "133": [35.228312, 128.684272],
  "134": [35.230351, 128.69529],
  "135": [35.221164, 128.690339],
  "136": [35.219841, 128.692522],
  "137": [35.222258, 128.694522],
  "138": [35.222295, 128.704764],
  "139": [35.204803, 128.679669],
  "140": [35.214709, 128.70434],
  "141": [35.208003, 128.694303],
  "142": [35.20511, 128.691975],
  "143": [35.209121, 128.704563],
  "144": [35.206504, 128.663409],
  "145": [35.201989, 128.712923],
  "146": [35.186795, 128.691653],
  "147": [35.241167, 128.701663],
  "148": [35.225823, 128.680908],
  "149": [35.226003, 128.680327],
  "150": [35.152261, 128.666492],
  "151": [35.152231, 128.662143],
  "152": [35.149836, 128.660271],
  "153": [35.147711, 128.657358],
  "154": [35.14731, 128.684417],
  "155": [35.248423, 128.510502],
  "156": [35.247159, 128.50827],
  "157": [35.242026, 128.504805],
  "158": [35.232636, 128.504615],
  "159": [35.226274, 128.5037],
  "160": [35.291245, 128.675876],
  "161": [35.249535, 128.684899],
  "162": [35.233793, 128.654505],
  "163": [35.218022, 128.656511],
  "164": [35.215888, 128.646871],
  "165": [35.199065, 128.674353],
  "166": [35.19665, 128.707355],
  "167": [35.35329, 128.611675],
  "168": [35.153339, 128.65451],
  "169": [35.155345, 128.659311],
  "170": [35.164737, 128.66016],
  "171": [35.151959, 128.665512],
  "172": [35.143923, 128.66989],
  "173": [35.15245, 128.673065],
  "174": [35.153056, 128.679299],
  "175": [35.157718, 128.681471],
  "176": [35.159573, 128.690221],
  "177": [35.153757, 128.691176],
  "178": [35.157841, 128.700676],
  "179": [35.156279, 128.7064],
  "180": [35.151687, 128.706067],
  "181": [35.15051, 128.700762],
  "182": [35.150121, 128.697479],
  "183": [35.140133, 128.707644],
  "184": [35.139546, 128.702151],
  "185": [35.134957, 128.710337],
  "186": [35.12992, 128.706507],
  "187": [35.103838, 128.80665],
  "188": [35.100634, 128.817873],
  "189": [35.265651, 128.526016],
  "190": [35.261038, 128.523012],
  "191": [35.253583, 128.521209],
  "192": [35.231563, 128.496973],
  "193": [35.238731, 128.583083],
  "194": [35.240869, 128.59025],
  "195": [35.235388, 128.578614],
  "196": [35.233386, 128.587417],
  "197": [35.228224, 128.581166],
  "198": [35.225577, 128.578437],
  "199": [35.223185, 128.584531],
  "200": [35.22073, 128.58938],
  "201": [35.212009, 128.575304],
  "202": [35.210913, 128.581624],
  "203": [35.202997, 128.57112],
  "204": [35.203287, 128.580121],
  "205": [35.201077, 128.575905],
  "206": [35.197286, 128.567252],
  "207": [35.185887, 128.559967],
  "208": [35.183386, 128.563937],
  "209": [35.181047, 128.558261],
  "210": [35.179482, 128.560262],
  "211": [35.230231, 128.576699],
  "212": [35.145669, 128.70729],
  "213": [35.149547, 128.707226],
  "214": [35.202103, 128.671048],
  "215": [35.219889, 128.666017],
  "216": [35.217592, 128.604851],
  "217": [35.252742, 128.648271],
  "218": [35.196063, 128.716839],
  "219": [35.25174, 128.667416],
  "220": [35.160187, 128.680222],
  "221": [35.159757, 128.662809],
  "222": [35.174369, 128.558911],
  "223": [35.177322, 128.567409],
  "224": [35.254275, 128.511575],
  "225": [35.250262, 128.598339],
  "226": [35.233771, 128.558567],
  "227": [35.191907, 128.564436],
  "228": [35.218522, 128.563578],
  "229": [35.207203, 128.693152],
  "230": [35.208531, 128.576366],
  "231": [35.147134, 128.701736],
  "232": [35.216112, 128.672774],
  "233": [35.140954, 128.688842],
  "234": [35.210546, 128.690096],
  "235": [35.254033, 128.669078],
  "236": [35.195964, 128.571611],
  "237": [35.179214, 128.563145],
  "238": [35.223758, 128.572957],